{"lr": 7.975951500002575e-06, "data_time": 0.05742340564727783, "grad_norm": 182.6163900756836, "loss": 15.368292541503907, "loss_heatmap": 5.024409341812134, "layer_-1_loss_cls": 0.5389301198720932, "layer_-1_loss_bbox": 9.804953136444091, "matched_ious": 0.018427208065986633, "time": 1.2208827877044677, "epoch": 1, "iter": 50, "memory": 11799, "step": 50}
{"lr": 9.311955556408298e-06, "data_time": 0.023246002197265626, "grad_norm": 119.35382415771484, "loss": 9.850026836395264, "loss_heatmap": 3.4427248096466063, "layer_-1_loss_cls": 0.44317981839179993, "layer_-1_loss_bbox": 5.964122247695923, "matched_ious": 0.10005467385053635, "time": 0.9818698072433472, "epoch": 1, "iter": 100, "memory": 11801, "step": 100}
{"lr": 1.0647958302356497e-05, "data_time": 0.022359766960144044, "grad_norm": 91.4411011505127, "loss": 7.60409188747406, "loss_heatmap": 2.541899571418762, "layer_-1_loss_cls": 0.36092084854841233, "layer_-1_loss_bbox": 4.701271457672119, "matched_ious": 0.17099091410636902, "time": 0.986073579788208, "epoch": 1, "iter": 150, "memory": 11832, "step": 150}
{"lr": 1.1983959378114507e-05, "data_time": 0.022402997016906737, "grad_norm": 84.91558876037598, "loss": 6.065935730934143, "loss_heatmap": 2.1281097412109373, "layer_-1_loss_cls": 0.30407782286405566, "layer_-1_loss_bbox": 3.633748197555542, "matched_ious": 0.23939970135688782, "time": 0.9906179523468017, "epoch": 1, "iter": 200, "memory": 11830, "step": 200}
{"lr": 1.3319958423946385e-05, "data_time": 0.022320103645324708, "grad_norm": 59.4556706237793, "loss": 4.73466064453125, "loss_heatmap": 1.7876170468330383, "layer_-1_loss_cls": 0.24843770772218704, "layer_-1_loss_bbox": 2.698605897426605, "matched_ious": 0.35279637575149536, "time": 0.9807242631912232, "epoch": 1, "iter": 250, "memory": 11972, "step": 250}
{"lr": 1.4655955080114226e-05, "data_time": 0.021338090896606446, "grad_norm": 52.02670593261719, "loss": 4.101580109596252, "loss_heatmap": 1.4744741475582124, "layer_-1_loss_cls": 0.22726291045546532, "layer_-1_loss_bbox": 2.399843045473099, "matched_ious": 0.1945374310016632, "time": 0.9837871408462524, "epoch": 1, "iter": 300, "memory": 11991, "step": 300}
{"lr": 1.5991948986878893e-05, "data_time": 0.02275484561920166, "grad_norm": 27.620539989471435, "loss": 2.9075561022758483, "loss_heatmap": 1.1056107711791991, "layer_-1_loss_cls": 0.18405268356204033, "layer_-1_loss_bbox": 1.6178926312923432, "matched_ious": 0.29418134689331055, "time": 0.9824106693267822, "epoch": 1, "iter": 350, "memory": 11974, "step": 350}
{"lr": 1.7327939784500585e-05, "data_time": 0.02274810314178467, "grad_norm": 25.476426086425782, "loss": 2.901259095668793, "loss_heatmap": 1.1713621711730957, "layer_-1_loss_cls": 0.18316780552268028, "layer_-1_loss_bbox": 1.546729120016098, "matched_ious": 0.27340933680534363, "time": 0.9820016860961914, "epoch": 1, "iter": 400, "memory": 11879, "step": 400}
{"lr": 1.866392711323937e-05, "data_time": 0.022441034317016603, "grad_norm": 20.851464653015135, "loss": 2.473609731197357, "loss_heatmap": 1.0459018754959106, "layer_-1_loss_cls": 0.164172150939703, "layer_-1_loss_bbox": 1.2635356879234314, "matched_ious": 0.3991009593009949, "time": 0.970749306678772, "epoch": 1, "iter": 450, "memory": 11817, "step": 450}
