{"lr": 7.975951500002575e-06, "data_time": 0.039254150390625, "grad_norm": 143.4706411743164, "loss": 13.719263935089112, "loss_heatmap": 4.962832350730896, "layer_-1_loss_cls": 0.5507695263624192, "layer_-1_loss_bbox": 8.205662040710449, "matched_ious": 0.01622801460325718, "time": 1.093432731628418, "epoch": 1, "iter": 50, "memory": 12006, "step": 50}
{"lr": 9.311955556408298e-06, "data_time": 0.011865878105163574, "grad_norm": 108.50869201660156, "loss": 9.789463844299316, "loss_heatmap": 3.478971982002258, "layer_-1_loss_cls": 0.45357698857784273, "layer_-1_loss_bbox": 5.856914811134338, "matched_ious": 0.07817128300666809, "time": 0.9407754135131836, "epoch": 1, "iter": 100, "memory": 11952, "step": 100}
{"lr": 1.0647958302356497e-05, "data_time": 0.011821227073669434, "grad_norm": 90.49021438598633, "loss": 7.83757707118988, "loss_heatmap": 2.742260630130768, "layer_-1_loss_cls": 0.3694426244497299, "layer_-1_loss_bbox": 4.725873775482178, "matched_ious": 0.13235513865947723, "time": 0.924205994606018, "epoch": 1, "iter": 150, "memory": 11801, "step": 150}
